{
  "Petición HTTP" : {
    "transaction" : "Petición HTTP",
    "sampleCount" : 50,
    "errorCount" : 0,
    "errorPct" : 0.0,
    "meanResTime" : 5.360000000000002,
    "medianResTime" : 4.0,
    "minResTime" : 2.0,
    "maxResTime" : 59.0,
    "pct1ResTime" : 6.899999999999999,
    "pct2ResTime" : 8.349999999999987,
    "pct3ResTime" : 59.0,
    "throughput" : 32.91639236339697,
    "receivedKBytesPerSec" : 360.9552439927584,
    "sentKBytesPerSec" : 3.793099901250823
  },
  "Total" : {
    "transaction" : "Total",
    "sampleCount" : 50,
    "errorCount" : 0,
    "errorPct" : 0.0,
    "meanResTime" : 5.360000000000002,
    "medianResTime" : 4.0,
    "minResTime" : 2.0,
    "maxResTime" : 59.0,
    "pct1ResTime" : 6.899999999999999,
    "pct2ResTime" : 8.349999999999987,
    "pct3ResTime" : 59.0,
    "throughput" : 32.91639236339697,
    "receivedKBytesPerSec" : 360.9552439927584,
    "sentKBytesPerSec" : 3.793099901250823
  }
}